col0,col1,col2
We've#the Zenith Toyer A,300.29999999999995,21.042
Ritz-Carltoo Toronto,209.5902,18.981
Yingli ower,285.85499999999996,20.019999999999996
Ccnterra Tower,175.761,17.91
Nauru Hose,191.9,19.88
Heast Tower,182.546,21.020999999999997
Mlami Tower,192.91,19.038
Torse Cepsa,250.0381,19.0
Dltus Skyscraer,125.62499999999999,18.036
Seat of he European Central Bank,184.075,18.162
